{"title":"NHK Pitch Accents","format":3,"revision":"nhk1","sequenced":false,"author":"MtGambelOak","url":"https://github.com/MtGambelOak/PitchParse","description":"This dictionary contains the pitch accent values for words with data from the NHK pitch accent dictionary. The def tag means the pitch accent depends on the specific way the word is being used (for words with multiple meanings), check the nhkAccents.txt for example sentence. The mlt tag means the word is actually made up of two words that retain accents, only the first one is listed for yomitan compatibility. Again check the nhkAccents.txt file for the full info.","attribution":"This dictionary was made parsing data available in the nhk_data and nhk_pronunciation files available in the Ajatt-Tools pitch accent repository:\nhttps://github.com/Ajatt-Tools/PitchAccent/tree/main/database/accent_dict"}