{"title":"Combined Pitch Accents","format":3,"revision":"cmbptch1","sequenced":false,"author":"MtGambelOak","url":"https://github.com/MtGambelOak/PitchParse","description":"This dictionary contains the pitch accent values for words with data from multiple sources. The goal was to combine all available info into one dictionary to get the widest coverage.","attribution":"Data was taken from the kanjium repository, the nhk 2016 pitch accent dictionary and accent jiten found at https://donkuri.github.io/learn-japanese/setup/#adding-dictionaries. Finally data was obtained parsing data available in the nhk_data and nhk_pronunciation files available in the Ajatt-Tools pitch accent repository:\nhttps://github.com/Ajatt-Tools/PitchAccent/tree/main/database/accent_dict."}